epoch,box_loss,cls_loss,total_loss,mAP50,mAP50-95,lr,seconds,map_per_class
1,1.4276371396763223,4.301547628053477,5.7291847677298,0.2564919590950012,0.11593705415725708,0.0009992984343599972,29.116102584001055,"[0.149917870759964, 0.038372188806533813, 0.311342716217041, 0.24032904207706451, 0.03560231253504753, 0.08932001888751984, 0.36020785570144653, 0.04754669591784477, 0.0011107182363048196, 0.0015581725165247917, 0.0]"
2,1.1345094064591636,2.2700541187340106,3.4045635251931743,0.33992210030555725,0.1419677436351776,0.000997195726104018,26.82503916600035,"[0.2121906727552414, 0.06121884286403656, 0.3390112817287445, 0.26898351311683655, 0.04680638760328293, 0.1446468085050583, 0.3777221143245697, 0.08355478942394257, 0.004599044099450111, 0.022911682724952698, 0.0]"
3,1.0056201756840022,2.0512629529120217,3.0568831285960236,0.3699362874031067,0.15887850522994995,0.0009936978355870657,27.03654425000059,"[0.24910570681095123, 0.0639774352312088, 0.3608105778694153, 0.3073768615722656, 0.06476324051618576, 0.16928061842918396, 0.41258183121681213, 0.08775756508111954, 0.0031035093124955893, 0.028906242921948433, 0.0]"
4,0.9164535105228424,1.9127068099841265,2.829160320506969,0.35741543769836426,0.1560254991054535,0.000988814677959844,27.53976670799966,"[0.20844563841819763, 0.08701406419277191, 0.35687050223350525, 0.2996633052825928, 0.06035615876317024, 0.18291369080543518, 0.427053838968277, 0.0626019537448883, 0.006460112985223532, 0.024901239201426506, 0.0]"
5,0.8486431140295216,1.8066335244917533,2.6552766385212747,0.3848523497581482,0.17421431839466095,0.0009825600950631856,26.258485791000567,"[0.23897650837898254, 0.1111658588051796, 0.3785141408443451, 0.30711930990219116, 0.12244690954685211, 0.1933525800704956, 0.4530043601989746, 0.08262649923563004, 0.008386228233575821, 0.020765025168657303, 0.0]"
6,0.7938363039997262,1.7079451369567655,2.5017814409564916,0.41047483682632446,0.18285061419010162,0.0009749518161918489,25.97872699999789,"[0.25402599573135376, 0.09967539459466934, 0.39585575461387634, 0.3213661015033722, 0.1324053257703781, 0.180045023560524, 0.45509329438209534, 0.1310386061668396, 0.0033653508871793747, 0.038485895842313766, 0.0]"
7,0.7315518440495075,1.6092723104315745,2.3408241544810817,0.3890835642814636,0.17964668571949005,0.0009660114078389077,25.987732500001584,"[0.24977223575115204, 0.10233229398727417, 0.4156624674797058, 0.2898944616317749, 0.12954425811767578, 0.19827906787395477, 0.4584845304489136, 0.0932907983660698, 0.00612782733514905, 0.02993626333773136, 0.002789311110973358]"
8,0.6815762649959242,1.5259185777583593,2.2074948427542833,0.401316374540329,0.1796383410692215,0.0009557642125631822,26.74786658300218,"[0.2559989094734192, 0.10277186334133148, 0.41175633668899536, 0.31688785552978516, 0.11835712939500809, 0.16883806884288788, 0.45429545640945435, 0.11973905563354492, 0.005274054128676653, 0.020250510424375534, 0.001852482557296753]"
9,0.6394256109922705,1.438081875653334,2.0775074866456045,0.39065736532211304,0.1726192831993103,0.0009442392771530031,26.213584958000865,"[0.25642067193984985, 0.07735875248908997, 0.41807857155799866, 0.3164466917514801, 0.08512461930513382, 0.16530388593673706, 0.43771371245384216, 0.11229162663221359, 0.004124030936509371, 0.025258488953113556, 0.0006910758092999458]"
10,0.5969690688898865,1.3594740343765475,1.956443103266434,0.3989373743534088,0.17888976633548737,0.0009314692702899342,25.919285125000897,"[0.26757678389549255, 0.10190839320421219, 0.4058091640472412, 0.30019932985305786, 0.10853853821754456, 0.21078979969024658, 0.45694097876548767, 0.08610178530216217, 0.005634569097310305, 0.02428801916539669, 0.0]"
11,0.5775278076319628,1.2997622447954098,1.8772900524273726,0.3892652988433838,0.17891627550125122,0.0009174903899458451,26.01099404100023,"[0.24898840487003326, 0.11891952902078629, 0.41752758622169495, 0.29724428057670593, 0.12595434486865997, 0.18917478621006012, 0.46777859330177307, 0.08168244361877441, 0.004887980874627829, 0.015921004116535187, 0.0]"
12,0.5505803277794744,1.2421482784647337,1.792728606244208,0.4105020761489868,0.1860743910074234,0.0009023422607758271,26.11464999999953,"[0.2769275903701782, 0.1424228847026825, 0.42288193106651306, 0.30534127354621887, 0.13167841732501984, 0.1983431875705719, 0.4579732120037079, 0.08537451922893524, 0.004581881687045097, 0.020966986194252968, 0.0003263901744503528]"
13,0.5067664250521593,1.1609957503600858,1.6677621754122451,0.3995129466056824,0.17653678357601166,0.0008860678217978038,25.99665504099903,"[0.2524018883705139, 0.11689760535955429, 0.4269128441810608, 0.3169713318347931, 0.11076915264129639, 0.19377455115318298, 0.4371810853481293, 0.05230201035737991, 0.0131975207477808, 0.020221009850502014, 0.0012756099458783865]"
14,0.49971523629107945,1.1086709390223866,1.608386175313466,0.40700459480285645,0.1795443445444107,0.0008687132046772185,26.098302750000585,"[0.26325610280036926, 0.11086864024400711, 0.4163028597831726, 0.321748286485672, 0.10037048906087875, 0.18779601156711578, 0.4553897976875305, 0.09349951148033142, 0.0050541991367936134, 0.0203352440148592, 0.0003666609700303525]"
15,0.4754348380464903,1.0682629934498962,1.5436978314963865,0.41800904273986816,0.18784333765506744,0.0008503276029618179,26.48088062500028,"[0.2542356550693512, 0.12259893119335175, 0.4200587868690491, 0.3096049726009369, 0.1451112926006317, 0.19665038585662842, 0.44416141510009766, 0.13883133232593536, 0.014617469161748886, 0.019343962892889977, 0.0010624947026371956]"
16,0.4577994212298326,1.0236537918238573,1.48145321305369,0.41733914613723755,0.1874433010816574,0.0008309631326371945,26.144561875000363,"[0.26242032647132874, 0.1254570335149765, 0.4351617991924286, 0.3220232129096985, 0.12007956951856613, 0.19907993078231812, 0.4563995599746704, 0.09821789711713791, 0.01909819431602955, 0.020584288984537125, 0.003354508662596345]"
17,0.43704293731232763,0.959428330542336,1.3964712678546636,0.4105715751647949,0.17935992777347565,0.0008106746843983653,26.59109645799981,"[0.23334555327892303, 0.09440580755472183, 0.43018195033073425, 0.3274398744106293, 0.13498513400554657, 0.1970864236354828, 0.45960548520088196, 0.06840891391038895, 0.007878152653574944, 0.017610488459467888, 0.002011485630646348]"
18,0.42673102021217346,0.9196871451928582,1.3464181654050318,0.4017288386821747,0.184398353099823,0.0007895197680561316,26.383830291997583,"[0.26750296354293823, 0.13358694314956665, 0.4231928586959839, 0.3309221863746643, 0.10963554680347443, 0.19476011395454407, 0.4734584093093872, 0.062120042741298676, 0.016105612739920616, 0.010506086982786655, 0.00659109465777874]"
19,0.39332593242887043,0.8583901776394374,1.2517161100683079,0.3991347849369049,0.17804481089115143,0.0007675583495192727,25.917820999999094,"[0.2504022717475891, 0.11344815045595169, 0.43338513374328613, 0.301756352186203, 0.09361611306667328, 0.2026052325963974, 0.4532155990600586, 0.07836154848337173, 0.009529244154691696, 0.01852257549762726, 0.003650706261396408]"
20,0.3803730569255184,0.8158457967596995,1.1962188536852179,0.4106646478176117,0.18189747631549835,0.0007448526808146621,25.9522304159982,"[0.24231387674808502, 0.1320088505744934, 0.4317895472049713, 0.31415432691574097, 0.10131379216909409, 0.20370519161224365, 0.4457745850086212, 0.09132544696331024, 0.01359458826482296, 0.018339959904551506, 0.006551974453032017]"
21,0.3663692201527072,0.7659566704656037,1.132325890618311,0.4128442406654358,0.17942380905151367,0.0007214671236271338,26.43199475000074,"[0.25662219524383545, 0.12878146767616272, 0.43422284722328186, 0.3147677183151245, 0.09923296421766281, 0.18285584449768066, 0.4343937039375305, 0.07178425043821335, 0.02513078972697258, 0.015870338305830956, 0.009999815374612808]"
22,0.36154709273660685,0.7368376322195563,1.0983847249561631,0.40952616930007935,0.18335111439228058,0.000697467966859294,26.205792875000043,"[0.255023330450058, 0.11067613959312439, 0.4256257712841034, 0.3284376859664917, 0.11253005266189575, 0.20796427130699158, 0.4486938714981079, 0.08707751333713531, 0.024090996012091637, 0.009359325282275677, 0.007383368909358978]"
23,0.33517492006362326,0.6787788087213543,1.0139537287849776,0.4299130439758301,0.18757198750972748,0.0006729232387284252,25.92988216699814,"[0.26280859112739563, 0.15615755319595337, 0.42660316824913025, 0.3335476517677307, 0.10732525587081909, 0.20946553349494934, 0.45188388228416443, 0.08285664767026901, 0.010704916901886463, 0.013787566684186459, 0.008151042275130749]"
24,0.3216956066833416,0.6227503305589649,0.9444459372423064,0.4299795925617218,0.189451202750206,0.0006479025139331128,25.816088042000047,"[0.27540966868400574, 0.14488038420677185, 0.4204515814781189, 0.32216978073120117, 0.12305443733930588, 0.19998863339424133, 0.4577053487300873, 0.0876384750008583, 0.027669858187437057, 0.016014544293284416, 0.008980430662631989]"
25,0.3153008365295303,0.6030964372863232,0.9183972738158535,0.411044180393219,0.18217989802360535,0.0006224767164362021,25.68821575000038,"[0.25695568323135376, 0.13536305725574493, 0.4364301860332489, 0.3186344504356384, 0.09556278586387634, 0.20292522013187408, 0.4522293210029602, 0.061430659145116806, 0.014889960177242756, 0.016136646270751953, 0.013420918956398964]"
26,0.30638496388851755,0.561406135139331,0.8677910990278486,0.40826863050460815,0.18350239098072052,0.0005967179184231219,26.066745291998814,"[0.2606044113636017, 0.1465194672346115, 0.443032830953598, 0.3275690972805023, 0.08585725724697113, 0.19770681858062744, 0.46078842878341675, 0.0582127571105957, 0.02218756638467312, 0.010560507886111736, 0.0054871696047484875]"
27,0.29442818546798866,0.5331010499470671,0.8275292354150557,0.41356027126312256,0.18424886465072632,0.0005706991360054428,27.882792041000357,"[0.2666088044643402, 0.12925945222377777, 0.436076283454895, 0.3274424970149994, 0.11733832955360413, 0.1875162273645401, 0.45280227065086365, 0.06948810070753098, 0.022902067750692368, 0.012538528069853783, 0.0047649797052145]"
28,0.28268414714806517,0.5046888787141988,0.787373025862264,0.4135719835758209,0.1839183270931244,0.0005444941222487764,26.478205083996727,"[0.26196202635765076, 0.11883135885000229, 0.4456632435321808, 0.32638710737228394, 0.09262611716985703, 0.1983339786529541, 0.4497230648994446, 0.06825221329927444, 0.02580573409795761, 0.008266547694802284, 0.02725018560886383]"
29,0.27284138954021564,0.4709971249103546,0.7438385144505703,0.40106815099716187,0.17810453474521637,0.0005181771581116988,25.688238875001844,"[0.2411518394947052, 0.11569421738386154, 0.44015932083129883, 0.3277355432510376, 0.08649500459432602, 0.19324488937854767, 0.44077810645103455, 0.07238145172595978, 0.024768350645899773, 0.0071854302659630775, 0.009555821307003498]"
30,0.2680050399101956,0.4397111400752,0.7077161799853956,0.4100000560283661,0.18335936963558197,0.0004918228418883019,25.558477125003265,"[0.247148334980011, 0.1372721940279007, 0.44311344623565674, 0.32328468561172485, 0.08465099334716797, 0.19045111536979675, 0.459319531917572, 0.06790218502283096, 0.01817997358739376, 0.009542666375637054, 0.03608802706003189]"
31,0.2543810255510706,0.40733366323188996,0.6617146887829606,0.41452983021736145,0.18263553082942963,0.00046550587775122425,25.6227713340013,"[0.25103339552879333, 0.12604723870754242, 0.4432743787765503, 0.329795777797699, 0.10230542719364166, 0.18799245357513428, 0.4358646273612976, 0.06820140033960342, 0.027322985231876373, 0.020695194602012634, 0.016457924619317055]"
32,0.24496576924559096,0.37570888055881985,0.6206746498044108,0.40379998087882996,0.18497872352600098,0.00043930086399455797,25.517482082999777,"[0.2653045654296875, 0.13027961552143097, 0.44373247027397156, 0.3214077949523926, 0.09266345947980881, 0.19803236424922943, 0.4641130268573761, 0.07863684743642807, 0.022454233840107918, 0.009479043073952198, 0.008662615902721882]"
33,0.24446941324522797,0.35895340921173635,0.6034228224569643,0.4096425473690033,0.18579821288585663,0.00041328208157687867,25.68051708299754,"[0.2560613751411438, 0.12137537449598312, 0.43306300044059753, 0.32852432131767273, 0.11417318135499954, 0.2031424641609192, 0.46950769424438477, 0.07107604295015335, 0.023735543712973595, 0.010393418371677399, 0.012727987952530384]"
34,0.22993326040220932,0.3271261361283316,0.5570593965305409,0.41313108801841736,0.18452955782413483,0.00038752328356379844,25.36867387500024,"[0.2594495713710785, 0.1394674926996231, 0.44199109077453613, 0.33726638555526733, 0.10537438094615936, 0.19283552467823029, 0.44563058018684387, 0.06532568484544754, 0.019350463524460793, 0.008416355587542057, 0.014717486687004566]"
35,0.22218846708116397,0.3048356823937994,0.5270241494749633,0.4191755950450897,0.18753746151924133,0.000362097486066888,26.376940916998137,"[0.2607588469982147, 0.13828320801258087, 0.4455030560493469, 0.34057387709617615, 0.10625559091567993, 0.19193032383918762, 0.4552462100982666, 0.06064891442656517, 0.02351587824523449, 0.010307613760232925, 0.029888613149523735]"
36,0.21622419147424296,0.2881365611519612,0.5043607526262042,0.4118720293045044,0.18302953243255615,0.00033707676127157525,27.080987374996766,"[0.24459286034107208, 0.1444808393716812, 0.44503214955329895, 0.32069841027259827, 0.10778293013572693, 0.19019973278045654, 0.45067164301872253, 0.07007157802581787, 0.021441742777824402, 0.011398631148040295, 0.00695426668971777]"
37,0.21408420633262312,0.27522305220785276,0.48930725854047585,0.4027993083000183,0.18353396654129028,0.0003125320331407065,27.411502041999483,"[0.2593960464000702, 0.13653893768787384, 0.4415740966796875, 0.3347003161907196, 0.08857697248458862, 0.1936967968940735, 0.4480612277984619, 0.07252459228038788, 0.02691742777824402, 0.012239206582307816, 0.004647964611649513]"
38,0.2090689970154158,0.2589610621962749,0.4680300592116907,0.4076056182384491,0.18267200887203217,0.0002885328763728668,26.888086916998873,"[0.2558828592300415, 0.13515180349349976, 0.44417694211006165, 0.3152298033237457, 0.0978262722492218, 0.19535626471042633, 0.4496830999851227, 0.06653545796871185, 0.020313356071710587, 0.01447148248553276, 0.014764736406505108]"
39,0.20130668108312177,0.2388262841063486,0.44013296518947037,0.4010049104690552,0.18210439383983612,0.00026514731918533834,26.333051500001602,"[0.24937891960144043, 0.13138090074062347, 0.4460136890411377, 0.3281979262828827, 0.09860730171203613, 0.1992565542459488, 0.44891083240509033, 0.05783102661371231, 0.022641301155090332, 0.012267863377928734, 0.008662046864628792]"
40,0.1955358434311101,0.22717489239195704,0.4227107358230672,0.40059569478034973,0.18013979494571686,0.00024244165048072764,26.005671334001818,"[0.2505074739456177, 0.12312965095043182, 0.44241178035736084, 0.3295653164386749, 0.08798592537641525, 0.1945296972990036, 0.43858209252357483, 0.06883339583873749, 0.024572080001235008, 0.012091455049812794, 0.009328932501375675]"
41,0.19017277741935892,0.21295327577792422,0.4031260531972831,0.39325135946273804,0.1809491366147995,0.00022048023194386874,26.641629667003144,"[0.24721530079841614, 0.1309485286474228, 0.43920624256134033, 0.3324835002422333, 0.09987730532884598, 0.1923709660768509, 0.44871559739112854, 0.05134207755327225, 0.023434516042470932, 0.01722279191017151, 0.007623762357980013]"
42,0.18358055302794551,0.19740468620414464,0.38098523923209016,0.3904477655887604,0.17918354272842407,0.00019932531560163514,26.458312875001866,"[0.24821874499320984, 0.14130420982837677, 0.44149184226989746, 0.3161497414112091, 0.09888449311256409, 0.18922242522239685, 0.4399181604385376, 0.05975508689880371, 0.021345747634768486, 0.011048546060919762, 0.003679919056594372]"
43,0.17820201205535674,0.1926126665842365,0.3708146786395933,0.39349740743637085,0.1802206039428711,0.000179036867362806,26.355704833000345,"[0.2398870289325714, 0.12915000319480896, 0.44484755396842957, 0.32199928164482117, 0.09984888136386871, 0.19752435386180878, 0.4487372040748596, 0.06349324434995651, 0.022768886759877205, 0.006822981406003237, 0.0073472922667860985]"
44,0.17686170853779348,0.17958645197287412,0.35644816051066763,0.397172749042511,0.18107368052005768,0.00015967239703818268,26.113758667001093,"[0.25077489018440247, 0.12706436216831207, 0.44233962893486023, 0.3316972255706787, 0.09841593354940414, 0.1940586268901825, 0.44542407989501953, 0.06320354342460632, 0.018920131027698517, 0.012121549807488918, 0.007790515664964914]"
45,0.17652130819542308,0.16712505296922067,0.34364636116464375,0.3923700749874115,0.1813371330499649,0.00014128679532278185,25.986995458999445,"[0.25196611881256104, 0.12697350978851318, 0.4476272463798523, 0.3305596113204956, 0.09142103791236877, 0.19617801904678345, 0.4467143714427948, 0.06344756484031677, 0.02148674987256527, 0.00868071150034666, 0.009653464891016483]"
46,0.17297375443535792,0.1630903300894818,0.3360640845248397,0.39410749077796936,0.18115536868572235,0.00012393217820219656,26.128134416001558,"[0.2531059980392456, 0.13038396835327148, 0.44286397099494934, 0.3244517147541046, 0.09847836196422577, 0.2003813534975052, 0.4457153081893921, 0.060658663511276245, 0.021542150527238846, 0.008501561358571053, 0.00662611611187458]"
47,0.1695324794297487,0.15767046473395657,0.32720294416370527,0.3935161828994751,0.17980371415615082,0.00010765773922417298,26.220257875000243,"[0.24772539734840393, 0.12654323875904083, 0.44319379329681396, 0.3218434751033783, 0.08951559662818909, 0.20366205275058746, 0.44661372900009155, 0.06219315528869629, 0.021439116448163986, 0.008154577575623989, 0.0069567481987178326]"
48,0.16853303042515902,0.1531959056434497,0.32172893606860875,0.3921688497066498,0.17975446581840515,9.250961005415519e-05,26.177432292002777,"[0.2433203160762787, 0.1327577531337738, 0.4391308128833771, 0.3235158920288086, 0.09693282097578049, 0.19971364736557007, 0.44437432289123535, 0.06348473578691483, 0.021472617983818054, 0.007315380498766899, 0.005280906334519386]"
49,0.16539042075754892,0.14767421981398487,0.3130646405715338,0.3922494649887085,0.17858003079891205,7.853072971006608e-05,26.18044445799751,"[0.24699841439723969, 0.12209569662809372, 0.44266077876091003, 0.3264124393463135, 0.0946807861328125, 0.19303792715072632, 0.4385306239128113, 0.06492683291435242, 0.020960703492164612, 0.008047135546803474, 0.0060289958491921425]"
50,0.16202035294452183,0.14095596643820615,0.30297631938272795,0.3903184235095978,0.17892687022686005,6.576072284699706e-05,26.79037958400295,"[0.2442435920238495, 0.12935160100460052, 0.4414355456829071, 0.3259332776069641, 0.09294266253709793, 0.19598941504955292, 0.442802757024765, 0.06049070507287979, 0.02051757648587227, 0.0078011020086705685, 0.006687411572784185]"
51,0.15760583472503742,0.13698967777087656,0.294595512495914,0.39877164363861084,0.17945171892642975,5.423578743681808e-05,26.962910707996343,"[0.24868923425674438, 0.1285952627658844, 0.4395395517349243, 0.3281201124191284, 0.09271463006734848, 0.19543181359767914, 0.4436524212360382, 0.06220662221312523, 0.020456813275814056, 0.007136683911085129, 0.007425742689520121]"
52,0.16096616158602942,0.1358341061523263,0.2968002677383557,0.39380979537963867,0.17982126772403717,4.398859216109249e-05,26.521632750002027,"[0.246293306350708, 0.12717889249324799, 0.4407234191894531, 0.3236159086227417, 0.10034551471471786, 0.2003321498632431, 0.44669362902641296, 0.05847914144396782, 0.019851798191666603, 0.006958231329917908, 0.007562060374766588]"
53,0.15865717335066326,0.13500353074829344,0.2936607040989567,0.38944509625434875,0.17995963990688324,3.5048183808151277e-05,26.644679707998876,"[0.25023624300956726, 0.12559674680233002, 0.4412550926208496, 0.3249574601650238, 0.10109081864356995, 0.2016187459230423, 0.4412393867969513, 0.06356335431337357, 0.02043309435248375, 0.007036030758172274, 0.0025289738550782204]"
54,0.16282450596631412,0.1347708745111882,0.29759538047750234,0.3900313377380371,0.17873942852020264,2.7439904936814678e-05,26.542684625004767,"[0.24916477501392365, 0.12482260912656784, 0.4391940236091614, 0.3250036835670471, 0.09291008114814758, 0.19995081424713135, 0.4434337913990021, 0.06088932231068611, 0.020604638382792473, 0.007576753385365009, 0.002583311405032873]"
55,0.15597972662096293,0.13012193752006745,0.2861016641410304,0.3909514546394348,0.17910023033618927,2.1185322040156e-05,25.88263454099797,"[0.2532136142253876, 0.12300586700439453, 0.4415556490421295, 0.32685577869415283, 0.0922151654958725, 0.20364606380462646, 0.43953225016593933, 0.061272576451301575, 0.019126152619719505, 0.007196965627372265, 0.002482525072991848]"
56,0.1571484497735198,0.1287640663729587,0.2859125161464785,0.39062321186065674,0.17925582826137543,1.630216441293445e-05,25.69795008299843,"[0.2506379187107086, 0.12524454295635223, 0.44063112139701843, 0.3273322582244873, 0.09229326993227005, 0.20013926923274994, 0.4426986277103424, 0.062407609075307846, 0.01979045383632183, 0.007943694479763508, 0.0026952694170176983]"
57,0.15922783052837344,0.12748033406449036,0.2867081645928638,0.3922494351863861,0.17910349369049072,1.2804273895982141e-05,25.054538750002393,"[0.2510118782520294, 0.1259762942790985, 0.4433319568634033, 0.32266750931739807, 0.09163860976696014, 0.2003665268421173, 0.44221222400665283, 0.061330802738666534, 0.020342672243714333, 0.007520955055952072, 0.0037389264907687902]"
58,0.15521120584346879,0.1266292237060171,0.28184042954948585,0.392171710729599,0.18005631864070892,1.0701565640002838e-05,24.848217250000744,"[0.2517491579055786, 0.12693709135055542, 0.44402992725372314, 0.32650265097618103, 0.0931268259882927, 0.19873711466789246, 0.4423753321170807, 0.06359028816223145, 0.021180782467126846, 0.00866737961769104, 0.003722974332049489]"
59,0.1558016966766035,0.12648538699452305,0.28228708367112654,0.38953033089637756,0.1790524274110794,1e-05,25.675785041996278,"[0.24940386414527893, 0.1254526674747467, 0.4437815248966217, 0.32504594326019287, 0.09348684549331665, 0.19845527410507202, 0.4418387711048126, 0.06150639429688454, 0.019315345212817192, 0.007591689005494118, 0.00369845237582922]"
